{
  "per_row_ms_median": 53.864240646362305,
  "per_row_ms_p90": 104.59375381469728,
  "throughput_bs8_samples_per_s": 108.83959522727295,
  "throughput_bs32_samples_per_s": 509.09247136135684,
  "preprocess_ms_median": 6.294131278991699,
  "preprocess_ms_p90": 9.98072624206543,
  "end2end_ms_median": 52.1697998046875,
  "end2end_ms_p90": 88.79415988922119,
  "model_only_ms_median": 45.8756685256958
}