{
  "thr_j": {
    "thr": 0.8181818127632141,
    "metrics": {
      "tp": 326,
      "fp": 15,
      "fn": 38,
      "tn": 162,
      "sensitivity": 0.8956043956019352,
      "specificity": 0.9152542372829647,
      "accuracy": 0.9020332717173715,
      "f1": 0.924822695035461,
      "J": 0.8108586328848999
    }
  },
  "thr_s80": {
    "thr": 0.5,
    "metrics": {
      "tp": 352,
      "fp": 34,
      "fn": 12,
      "tn": 143,
      "sensitivity": 0.9670329670303104,
      "specificity": 0.8079096045152095,
      "accuracy": 0.9149722735657764,
      "f1": 0.9386666666666666,
      "J": 0.77494257154552
    }
  },
  "thr_85": {
    "thr": 0.8181818127632141,
    "metrics": {
      "tp": 326,
      "fp": 15,
      "fn": 38,
      "tn": 162,
      "sensitivity": 0.8956043956019352,
      "specificity": 0.9152542372829647,
      "accuracy": 0.9020332717173715,
      "f1": 0.924822695035461,
      "J": 0.8108586328848999
    }
  }
}