{
  "AUC_ROC": {
    "value": 0.9726826845470913,
    "ci95": [
      0.9608245771333801,
      0.9832176950213147
    ]
  },
  "AP_PR": {
    "value": 0.9845130983679149,
    "ci95": [
      0.9774812897411916,
      0.9907243868804885
    ]
  },
  "Brier": {
    "value": 0.05946438662393993
  }
}